Time (days),Normalized Cell Count,,,,,,,,,,,,,,,,,,,,,,,,,,,,,,,,,,,,,,,,,,,,,,,,
0,0.1669535353,0.184896027,0.02881500245,0.0220165399,0.0411740204,0.05696569216,0.08595735659,0.08561867488,0.1490008577,0.165156676,0.1821907112,0.163437166,0.01570731964,0.0262666135,0.05290660449,0.04192714159,0.08868941035,0.08772556801,0.1648807013,0.1643475323,0.1884410442,0.1874011258,0.01772986066,0.02244243853,0.05361961864,0.04603079264,0.09043820486,0.1485367619,0.1406423584,0.1721687245,0.1884279935,0.01491854775,0.02210184695,0.06516312666,0.07717646007,0.07840099821,0.09426651786,0.1371100736,0.1532264215,0.1683260875,0.1621330504,0.01775564376,0.01483483225,0.04497082072,0.05894685289,0.0840771001,0.08616584957,0.1471279224,0.1391246569
1,0.2092671051,0.202372513,0.02415876543,0.01955759603,0.04871541822,0.05633957661,0.1022634171,0.09504765032,0.1607025658,0.1718233583,0.2001319297,0.1877955117,0.01711552258,0.02789158547,0.05676547524,0.04281172476,0.09379414599,0.09603886731,0.1759075924,0.1872750751,0.2175909086,0.2088844966,0.01581777317,0.02238864415,0.05413973699,0.05015927186,0.1058549076,0.1734352795,0.157753743,0.1975338844,0.1936625995,0.01573437598,0.02255034558,0.06940524251,0.08161911116,0.09266892054,0.1053866737,0.1500738803,0.1746916486,0.205639009,0.1764328037,0.01991569465,0.01646712534,0.04913845206,0.06669005918,0.09335201356,0.09619038282,0.1522138777,0.1643233407
2,0.2244562162,0.2423445952,0.0234075541,0.02263183291,0.05582741601,0.05982538818,0.1072169556,0.1101734178,0.1962246758,0.2034528567,0.2481184183,0.2400906429,0.0201362834,0.0291033912,0.0671573381,0.05517742722,0.1224554048,0.1036846708,0.2149600774,0.2015627326,0.2227421175,0.2064370119,0.01924724389,0.01910432275,0.05960734591,0.06293973211,0.123297971,0.1850975171,0.1911040247,0.2319304507,0.2152717028,0.02011782143,0.02006593692,0.06296105887,0.07702653612,0.1007536733,0.1256623769,0.1831510522,0.1873966694,0.2099492432,0.2229267372,0.02020631157,0.01872903539,0.05700070625,0.06855631005,0.1083259472,0.1015765044,0.1823985676,0.1623167152
3,0.2528548694,0.2584609431,0.0244637063,0.02369944427,0.06425880827,0.0662912169,0.1169123564,0.1288091884,0.2167031423,0.2111425869,0.2855554806,0.2664320592,0.02324075972,0.03000261663,0.07400100065,0.06217037711,0.1316064957,0.1112133362,0.2429939474,0.2300581519,0.2528262215,0.2430977164,0.01900532837,0.01808095646,0.06289803351,0.06521023652,0.136435575,0.2134162745,0.2046907639,0.2660421296,0.2355111186,0.02131912294,0.0209670722,0.06566000839,0.08259441265,0.1105993164,0.1352775636,0.2021980791,0.2114414799,0.2358816313,0.252891475,0.02372904709,0.02154098493,0.06690269019,0.06921584813,0.1209819483,0.1155359845,0.2003260987,0.1887784526
4,0.2413508318,0.2768824911,0.02572516838,0.02692742482,0.072299316,0.07222737796,0.1269671291,0.1474895224,0.2306664421,0.2614314109,0.3100911249,0.2980822478,0.0274739629,0.03100433784,0.07615436703,0.06576536896,0.1463410603,0.1296985462,0.2615055771,0.2344250453,0.2793684913,0.3006029438,0.02030785243,0.02152506943,0.07035921724,0.07525991625,0.143042415,0.2374811385,0.2226724076,0.3039003159,0.2882315118,0.02312266675,0.02182428073,0.07320618086,0.08897079629,0.1244002782,0.1462286969,0.2130040632,0.2221815738,0.2640151323,0.2694913356,0.02355779637,0.02394263302,0.06929128757,0.08029239555,0.1252358416,0.1388910174,0.2224699626,0.2031167215
5,0.3201662694,0.3272929095,0.02631467829,0.02919824755,0.08270645773,0.07253295545,0.1500732437,0.1539515314,0.2700270511,0.2621460166,0.3351468876,0.3438291081,0.02860364468,0.03361511553,0.07991010538,0.07177983426,0.1529138412,0.1383444794,0.3152041366,0.2818057901,0.3297824111,0.3145719732,0.02473649788,0.02421160487,0.07333159496,0.07996931102,0.1666626001,0.2627584448,0.263385197,0.3263080587,0.3010820002,0.02564113457,0.02482944436,0.0797210293,0.09187250921,0.1351171354,0.1697788539,0.2422156797,0.2664072311,0.3137952971,0.3090356093,0.02774197982,0.0262150473,0.07463252746,0.08666559609,0.1469299336,0.1456519194,0.2369151835,0.2396774767
6,0.3632660646,0.3565086641,0.02634746421,0.03006787016,0.08818457087,0.0797563617,0.1750694825,0.1638738872,0.2998179917,0.2803011393,0.3782097589,0.3866526103,0.02882518836,0.03523754102,0.09007787807,0.07551074444,0.1779425475,0.1561787457,0.3388354626,0.3251675544,0.3799926125,0.3451329054,0.02501597396,0.02913713205,0.08087522095,0.08915382447,0.18607632,0.2990655071,0.2939859179,0.3505976495,0.33615593,0.02704615441,0.02876789258,0.08952083577,0.1031804679,0.152005703,0.1680914931,0.2719216315,0.2986294225,0.3469523647,0.3462081562,0.03245742247,0.0280599714,0.08164425764,0.09605319125,0.1597979291,0.168537127,0.2561808894,0.2736879331
7,0.3907693121,0.3806091788,0.02888885034,0.03199364497,0.1009631212,0.08783984126,0.1884553681,0.1922200191,0.3450549194,0.3247874924,0.4226824246,0.4186847708,0.03192393511,0.03868770188,0.1044393835,0.08970099917,0.1984229239,0.1743679275,0.3817433169,0.3558478528,0.4283429293,0.3719056316,0.02732403894,0.03365331272,0.09758967308,0.09848667033,0.2026421214,0.3317769408,0.3063067387,0.4140874211,0.3572907515,0.02979253211,0.03077133501,0.09169361905,0.1102278488,0.1716291892,0.2022445524,0.3021645721,0.3243981994,0.381325376,0.3865599821,0.03768120602,0.02906105599,0.09577753489,0.1068263894,0.1766715361,0.1838529255,0.2782601363,0.3057964879
8,0.4016128566,0.4280001096,0.03562810725,0.03847634411,0.1121058771,0.0996414986,0.196787766,0.2217270273,0.3737750655,0.3802361196,0.4837374439,0.4660368677,0.03740905106,0.04272705433,0.1169486437,0.1063829837,0.2374130202,0.1963459519,0.4234813824,0.3736197303,0.4476694324,0.4302893943,0.02954679688,0.03283557462,0.1105229221,0.111256308,0.2210350216,0.3548305344,0.3724715866,0.4650867127,0.4380014062,0.03438192405,0.03026808708,0.1005384959,0.1184392889,0.18736643,0.2211995878,0.3340776847,0.346644559,0.4135965872,0.4258244615,0.03696214398,0.03126280547,0.1125954377,0.1102077953,0.193380577,0.1964576787,0.3365464962,0.316135193
9,0.4512494637,0.4435282208,0.03779516096,0.04026524567,0.1225311625,0.1135341336,0.2124829899,0.2418155642,0.4206783456,0.4100601644,0.5290981942,0.5105057138,0.04184565426,0.04827933368,0.1330414366,0.1225855935,0.2371443666,0.2244087881,0.4720573809,0.4150480803,0.5041917189,0.4631532985,0.03234378585,0.03621538899,0.1313362506,0.1235344753,0.2410592599,0.3892850331,0.393001301,0.5089291249,0.4853191257,0.03937302306,0.03545940301,0.107595426,0.1331149662,0.2027595778,0.2515714439,0.3735468374,0.3902857993,0.4544599372,0.4786479871,0.03768407081,0.03512390439,0.1281649292,0.1158565225,0.2057723809,0.2091095417,0.365270462,0.3557542696
10,0.4819832381,0.5032778512,0.04107916405,0.04593561799,0.1453915419,0.1325267296,0.2336980255,0.2689078735,0.4618689181,0.4424268686,0.5813318916,0.5697387273,0.04932307179,0.0529970045,0.1525095876,0.1253217853,0.2764374939,0.2483902549,0.5118512097,0.4516597651,0.5491109734,0.5074607614,0.03823220043,0.04236099796,0.1417653557,0.1388432709,0.2760192347,0.4427085728,0.4340113918,0.5705084006,0.5143540803,0.04092510207,0.03824334128,0.1113623052,0.140965443,0.2310296337,0.2717723442,0.4296581858,0.4262726418,0.5046141161,0.5323968396,0.04496604607,0.0383665272,0.1381971019,0.1260771346,0.2319937943,0.2282813461,0.4116456659,0.3899926359
11,0.5366634653,0.5765333701,0.04897102106,0.05113361843,0.1611068193,0.135924051,0.259705853,0.2968160111,0.5154022748,0.4801714182,0.6205884133,0.6098419532,0.05654138508,0.0617225151,0.1690375101,0.1389072512,0.3184744524,0.2675378678,0.559460501,0.508597446,0.610858635,0.5671301777,0.04049220062,0.04621859547,0.1570591908,0.1622256786,0.3035988765,0.4786085167,0.4806218267,0.6237482755,0.5859149174,0.04908561262,0.04377779527,0.1341491551,0.1556793174,0.2449547363,0.2994821747,0.4561552556,0.4741763698,0.5729749839,0.5949644674,0.04921484643,0.04638920957,0.1512544917,0.1371441328,0.268983313,0.2562429598,0.4550984668,0.4338490537
12,0.5983983945,0.6207886302,0.05006855355,0.05599580194,0.1693605947,0.161151701,0.2829628466,0.3207045315,0.5688789722,0.5245976107,0.6867809541,0.6878492021,0.06040789527,0.06878390162,0.1855460158,0.1600901375,0.3461858745,0.3024975243,0.6199438357,0.5573746163,0.6853915314,0.6089844264,0.0500220803,0.05245715093,0.1715117329,0.1746814627,0.3351704425,0.527041594,0.5415593896,0.6881936134,0.6375183612,0.05287381857,0.05049699865,0.1428367868,0.1723495245,0.2809985563,0.3402618092,0.5251043601,0.5231594867,0.6380518485,0.6430165278,0.05437433138,0.04934089715,0.1634234787,0.1522202439,0.2838356523,0.294835487,0.4851405539,0.4827806044
13,0.6420768771,0.6865533625,0.05569722726,0.06094201926,0.1831905226,0.1635972759,0.3198976159,0.3409776881,0.6162450749,0.5442958997,0.734242868,0.7210788443,0.06645387325,0.07090352715,0.2067018457,0.1748740402,0.385263506,0.328267256,0.6737827699,0.6239398981,0.7203572358,0.6663082171,0.04920784362,0.05982538818,0.1867708722,0.2014242678,0.3754847079,0.583825213,0.6154041001,0.7441540829,0.6883696387,0.05966559662,0.05282511716,0.1557101935,0.1902840584,0.3169981311,0.3669731016,0.5835565594,0.6019185835,0.6745171108,0.6966797549,0.06097448687,0.05313164958,0.1688500256,0.1776882179,0.3269723714,0.3272559855,0.5462691027,0.5350687328
14,0.672690967,0.7328636312,0.06085512066,0.06965861718,0.2133004097,0.1826570352,0.3482141451,0.3841144073,0.6607861772,0.6160894213,0.7463937113,0.7450568097,0.07446668801,0.08210485204,0.2355063439,0.1965821378,0.4063333922,0.3621567547,0.7289124506,0.6576514615,0.7552213993,0.7153750495,0.05731933444,0.06892905092,0.204190699,0.2107698461,0.4301824422,0.6359058033,0.6753787757,0.7776106801,0.7342393666,0.06302790394,0.0605890136,0.1749182853,0.1986769352,0.3444641363,0.4081035135,0.6414924601,0.6502615792,0.7241750446,0.7289452365,0.07107796097,0.06245812925,0.2069749556,0.1810438407,0.3583083882,0.3633873407,0.5808050888,0.5931275011
15,0.7087987672,0.780318224,0.06848055229,0.07339462032,0.2401301133,0.2014519608,0.4353326961,0.4214228724,0.708938187,0.6673185327,0.7971590452,0.7548642556,0.08003520116,0.09272366985,0.2450365419,0.2231533739,0.4463471731,0.4109533419,0.777512004,0.7121336999,0.7926396814,0.7436428772,0.06308488141,0.07742696995,0.214794238,0.223201757,0.4596261066,0.6914916221,0.7175389201,0.8057779219,0.7415990095,0.06562053797,0.07024717216,0.184615596,0.2283322757,0.3804099168,0.429740628,0.6715864317,0.7025901329,0.7690949357,0.7572385291,0.07082872432,0.06269208701,0.2083347754,0.2036906342,0.3852934271,0.3971908957,0.6504111848,0.636099654
16,0.7102929138,0.7831304919,0.07067211586,0.08501070299,0.2488705845,0.2286976955,0.4580476079,0.4719348316,0.7266444927,0.7299329521,0.8010039103,0.7784284182,0.09267274026,0.09937061689,0.2759597108,0.2364813271,0.4886811147,0.4374564597,0.782331534,0.7572611291,0.8469026043,0.8137226184,0.07131828493,0.08516508329,0.2435837756,0.2539899624,0.4952417998,0.7582854503,0.7150344579,0.815502289,0.7895033741,0.07513036413,0.07791430239,0.2126504209,0.2498223311,0.4614863096,0.4931349067,0.6938009603,0.7089171785,0.8131604831,0.7746338461,0.08306869438,0.07200806245,0.2444769532,0.2161072662,0.4172300946,0.4619287604,0.6976251353,0.6817484748
17,0.7841939652,0.8329676341,0.07956728563,0.08595481012,0.2549426639,0.2360958539,0.5090532658,0.4839055115,0.7535181231,0.7313366987,0.7987343608,0.7885917346,0.09363881077,0.1087375219,0.2822807085,0.2283634701,0.5081543586,0.5172328749,0.8059784572,0.8177715201,0.8800256128,0.8185555174,0.07604996139,0.1017627157,0.2759237417,0.2610306588,0.5025941216,0.8198383062,0.790278777,0.8417459842,0.7792525225,0.08706793979,0.09351148681,0.2586869431,0.2866622441,0.5143684042,0.5284774899,0.7183165511,0.7803239536,0.8448743337,0.7897182333,0.09513773202,0.07310464001,0.2772074855,0.2579608782,0.4581628361,0.5110309251,0.7368832485,0.7687482963
18,0.7674982933,0.840155708,0.08196415907,0.09384571219,0.2976038281,0.2509765227,0.5826185002,0.539943012,0.7917703771,0.7661426115,0.8272778449,0.8118929732,0.09542930388,0.1246561993,0.297016228,0.2611738982,0.5708594964,0.5410545502,0.8460832747,0.8187535061,0.8766489815,0.8038492823,0.0793536997,0.1141147308,0.2890712133,0.2940311179,0.5881898781,0.824833225,0.8465648775,0.8897210136,0.8090122687,0.0929474417,0.1030334087,0.2696409412,0.3051048006,0.5677021806,0.5727999134,0.7952495041,0.8075181221,0.8700411866,0.8211417852,0.1044062793,0.08357226062,0.2958407096,0.2868755117,0.5084545249,0.5488525058,0.7648684171,0.7781451224
19,0.7911203883,0.8478244297,0.09861494922,0.1042445779,0.3090244685,0.2744009472,0.6301160648,0.5830561763,0.803895119,0.7841761398,0.8274866562,0.835612471,0.1106180967,0.1341758931,0.3257039065,0.2858234975,0.6043116372,0.6030603611,0.8706271951,0.8483225847,0.8809891368,0.7992086425,0.09653192932,0.1320979661,0.3124545758,0.3081831755,0.6333188988,0.8529912358,0.8506592976,0.8808471706,0.7931079152,0.1030047609,0.1152686042,0.302610206,0.3477271309,0.6282103435,0.629908845,0.8069591699,0.8422237673,0.8602776674,0.8309342706,0.1217392075,0.09275295435,0.3273460672,0.3080408909,0.5604061997,0.6136935028,0.8011780258,0.797744417
20,0.7983199213,0.8612179548,0.1025530791,0.116931455,0.3332405297,0.3054323414,0.6524929315,0.6436776575,0.8088919476,0.7910315798,0.8277180675,0.8003577412,0.1314473407,0.1446381024,0.3682097355,0.3074587022,0.6574019065,0.6655496847,0.8754833307,0.8566817206,0.8896029206,0.8350608399,0.1014756002,0.1407190711,0.366478448,0.3472900915,0.6642089634,0.8685979695,0.8673549694,0.8780715084,0.8012146314,0.1178106269,0.1294327575,0.3379075893,0.3820247029,0.6773774434,0.6632849098,0.8122453422,0.8697056879,0.8613790196,0.8387551445,0.1310465886,0.1009971804,0.3827631818,0.3354467355,0.5851691173,0.6733100797,0.8033453978,0.845345114
21,0.8112388464,0.8596143096,0.1151645168,0.123054464,0.3670186199,0.3312380422,0.7003011665,0.6840606778,0.8208307965,0.7954952394,0.8430892519,0.8347399836,0.1330942761,0.1610090982,0.3946695631,0.3328814762,0.7172288863,0.6860122357,0.8794641141,0.8615747802,0.8683566906,0.8043869077,0.1124614293,0.1620509264,0.3983021155,0.3688680003,0.7135027507,0.8787692436,0.8778935731,0.8826456214,0.8245037742,0.1320110675,0.141312719,0.3707030568,0.4114225307,0.7302200676,0.7000379242,0.8457671929,0.8576637066,0.8863061851,0.85098843,0.1394849837,0.1097109135,0.3902781599,0.3715962344,0.6259999996,0.6941431434,0.8101333561,0.8498418778
22,0.7910172559,0.8589025687,0.1204872947,0.1377158173,0.3925477094,0.3628850477,0.7479375142,0.707349184,0.8210526585,0.8304555325,0.8154739594,0.8206210302,0.1495868662,0.1829505169,0.4336774847,0.3629595322,0.7201888499,0.7309741438,0.8807698213,0.8593536138,0.8732764882,0.8112907309,0.1290304138,0.176560446,0.4250869375,0.4016421411,0.7357255554,0.8573931432,0.8912667264,0.8877583148,0.8104182435,0.1470636238,0.1544980695,0.4222555711,0.4612561716,0.7669988651,0.7543842443,0.8434276153,0.8739739052,0.8873155458,0.8466969761,0.1561322724,0.1177415537,0.4340476791,0.4103682884,0.6517028863,0.729432569,0.8268306195,0.8584633011
23,0.8136089818,0.86551482,0.1367217356,0.1635304308,0.431034876,0.3918534755,0.7628582901,0.7325965692,0.8084915137,0.8087881785,0.829978386,0.831652696,0.1743036289,0.1934938953,0.4992910199,0.406178057,0.7630862,0.7624117014,0.8782787281,0.8538303007,0.8722843163,0.8149306044,0.1385736625,0.1872874891,0.4693819863,0.452924092,0.7938699491,0.8792094662,0.8847521963,0.8898235094,0.8238751122,0.1538436243,0.1739843641,0.4551054696,0.5016347356,0.7872939852,0.7500682806,0.8394248685,0.8916569743,0.8767304688,0.8474660128,0.1688805834,0.1272994446,0.4677767496,0.4445509504,0.6764963617,0.7521239258,0.8132502465,0.8658627327
24,0.7953555013,0.8724858065,0.1515024551,0.1682363241,0.4735572571,0.4298851407,0.7991990932,0.7598801828,0.82815829,0.8177626075,0.8290988958,0.8089501983,0.1865846609,0.2095561305,0.5227724219,0.4543058752,0.7737448065,0.7692595019,0.8745462264,0.8577572897,0.867926654,0.8257996138,0.1536933821,0.2007723692,0.5238374867,0.4855082018,0.8082505531,0.8640400903,0.8975511185,0.8876379937,0.831553065,0.1776700742,0.1957481659,0.5052930711,0.5394964233,0.806288491,0.7942048111,0.8501815144,0.8745732827,0.8846089568,0.8479877227,0.1886126132,0.1351664734,0.5037896935,0.4926354785,0.7006621299,0.7692143019,0.828407845,0.8542886669
25,0.790853008,0.8733541558,0.1666559156,0.1799202068,0.5032199188,0.4674880425,0.798622634,0.7705184175,0.8208903204,0.823280191,0.8200875429,0.8253988616,0.2122980518,0.2287893687,0.5942533631,0.487763109,0.766462513,0.8113588492,0.8867995654,0.8467396296,0.8706026852,0.8194483766,0.173274533,0.227092777,0.5660377382,0.5338161834,0.8036570232,0.879619131,0.8978060847,0.8802493846,0.8246387376,0.18714043,0.2134073618,0.5473274831,0.579933238,0.8115816661,0.7955738619,0.8590368955,0.8793291507,0.887796512,0.8598711857,0.1873037229,0.1523978608,0.5385335359,0.5292831323,0.7185565568,0.765991096,0.8280513379,0.8628871719
26,0.7935786956,0.8739395277,0.18521752,0.2088313389,0.5436771053,0.5290533125,0.7933300955,0.7698197273,0.8152285425,0.8221909346,0.8317851129,0.829909631,0.2407578204,0.2525868524,0.6198626667,0.5388897246,0.7956161971,0.8191568048,0.8762049392,0.8693466344,0.8608445773,0.8269703575,0.184506734,0.2312658196,0.6218858444,0.5873113428,0.79743311,0.8729518122,0.892344842,0.8943871182,0.828670769,0.218485996,0.2263288333,0.5856042469,0.6385442739,0.8365034203,0.8096994997,0.8661361609,0.8869074725,0.8748269757,0.8453578464,0.206069364,0.1704062426,0.5841619848,0.5704463301,0.7297604282,0.8050782768,0.8230761544,0.8698097753
27,0.7920791377,0.871316336,0.1885607287,0.2321093408,0.5806965451,0.5615683491,0.8121005112,0.7745634996,0.8195024893,0.8371931978,0.8291908873,0.844354852,0.2613088616,0.2688664933,0.6615208365,0.5974858,0.7835465229,0.8108011703,0.8794542465,0.8605950224,0.8540979993,0.8168118158,0.1973390787,0.2551263287,0.6456763252,0.6056510852,0.8238372333,0.8744462771,0.8796289986,0.8897684418,0.824103977,0.22173594,0.2437594827,0.6306941155,0.667206806,0.8091825645,0.793387073,0.8565193826,0.8845261962,0.8844443906,0.8384266487,0.2299321012,0.184918627,0.6124890182,0.615845596,0.7336511299,0.7879761232,0.8346995582,0.8755326687
28,0.7715777528,0.8514668498,0.2008042001,0.2475435506,0.6491487678,0.5681220313,0.7901988812,0.796568262,0.8360087668,0.8365912739,0.8577276869,0.8447409619,0.2611643489,0.3125048688,0.7204390415,0.6438858321,0.8251378475,0.816216258,0.8844959568,0.8420767081,0.8413633757,0.8314002762,0.2087835924,0.28022379,0.6784167252,0.6597764983,0.8760158631,0.8652719495,0.8966592142,0.9059834657,0.8452384802,0.2394896739,0.2669696846,0.6555251514,0.6812671902,0.8164467144,0.8460676775,0.8759862603,0.8577334165,0.8641139382,0.8678983244,0.2586563853,0.2094428122,0.6240500333,0.6227831599,0.7678987272,0.7803841142,0.8377149078,0.8369159499
29,0.7792448831,0.8671050962,0.2195911679,0.2601524418,0.6760249447,0.6047935584,0.8034950034,0.8191440724,0.8309874283,0.8398953305,0.8536450443,0.8430239983,0.2659272198,0.349413855,0.753592926,0.6698019865,0.8305147381,0.8210924472,0.8775122379,0.8336408595,0.8458875141,0.817492999,0.2205671061,0.3023781581,0.7099367251,0.7074717333,0.885646647,0.8423030265,0.890077839,0.8954400873,0.8480278298,0.2570521035,0.2970308703,0.6667474848,0.7085075137,0.8189839625,0.8643574452,0.8671152821,0.8500252243,0.8669233412,0.8681746174,0.2729227161,0.2273350109,0.6379595387,0.6485528917,0.7808357959,0.775231632,0.8430672885,0.8625768197
30,0.7603547829,0.8388168966,0.2278691348,0.2788400969,0.7300580479,0.6462018549,0.7867321682,0.7964619465,0.8291094,0.8358976766,0.8258050251,0.8364101555,0.3134251027,0.3686194003,0.7473161733,0.7127397619,0.8201502499,0.7978370452,0.8522686724,0.8039957049,0.8221431881,0.8148990917,0.2399604542,0.3233076697,0.7213401767,0.758416594,0.8595223181,0.8234896389,0.8510778751,0.8871032331,0.8569901629,0.2778978997,0.3334732142,0.6797981901,0.7170614553,0.8106356491,0.8351295949,0.8492520496,0.8125929366,0.8379596881,0.8753209926,0.2820588465,0.2379156315,0.6918506756,0.6675534454,0.7696682118,0.8048892007,0.8207849598,0.8063260516
31,0.7618524309,0.8320107946,0.2572475458,0.3112698264,0.7324762481,0.6938359744,0.7530677146,0.7830098524,0.8016437131,0.8519325371,0.8156207002,0.845245483,0.3597035404,0.3845746834,0.7941602477,0.7532278245,0.8522845879,0.8285151154,0.8297705296,0.8193506555,0.8710012092,0.8478107424,0.2792679054,0.3196802102,0.7659385749,0.788717467,0.8379650993,0.8615970619,0.8119356267,0.8556016952,0.847920241,0.3048122738,0.3437202461,0.693280842,0.7440063871,0.8291154479,0.8293554535,0.8324958989,0.8273628336,0.8613841126,0.8505571201,0.2923870474,0.2718064034,0.7312618959,0.6932646082,0.7681148596,0.8429186378,0.8405290855,0.8308285917
32,0.7708386373,0.8584295602,0.2918210924,0.3513889679,0.7454250943,0.7212370443,0.7733154065,0.7900791967,0.8218006867,0.8471432466,0.8390292093,0.8502639567,0.3826377677,0.4230984556,0.8045680261,0.7693123414,0.8594287349,0.8345480427,0.8445458379,0.8197596837,0.8882828895,0.8470687621,0.3229775824,0.3643222169,0.8016586737,0.8155016523,0.8407012911,0.8581488109,0.8320403974,0.8766722181,0.8631494592,0.3248406501,0.3687234876,0.7131182324,0.7314474706,0.8335348623,0.8384505219,0.8326623749,0.8396037586,0.8611011351,0.8188760554,0.3246671712,0.2927702925,0.7294497577,0.6905895319,0.7583551602,0.8394105445,0.8356490766,0.8436243308
33,0.7820046298,0.832221834,0.3203018695,0.3841249115,0.753437909,0.7354435329,0.7613530027,0.7885875965,0.8316071777,0.8488134186,0.8367612513,0.8476410832,0.4302760253,0.47779428,0.8190161118,0.7817977284,0.8416453982,0.8278819971,0.8368134542,0.8282458253,0.8791254324,0.8672040905,0.3608873349,0.3950712702,0.8101139392,0.8229376896,0.8238095404,0.8655218228,0.8283292224,0.8686546287,0.8508471004,0.3729617838,0.4106343954,0.7272989378,0.7501032947,0.8297969493,0.8480984946,0.8620115014,0.8325875721,0.8636590733,0.8358009104,0.3417763276,0.3225319485,0.7699970259,0.7293351662,0.7713387021,0.8493567735,0.8365282485,0.8515521568
34,0.7847478244,0.8736788319,0.3439144151,0.4018490426,0.7243109629,0.7298508282,0.794613521,0.7654572903,0.8218945881,0.818456523,0.8261997293,0.8721821388,0.4707449893,0.492999625,0.798536372,0.7810974466,0.8289292366,0.8017796315,0.8528575457,0.8577050869,0.8836145567,0.8266409068,0.3836258016,0.4587087375,0.8139794945,0.796237538,0.8212051289,0.8576372869,0.8732529333,0.8871640303,0.8334683356,0.4185685877,0.4666066424,0.7660706735,0.7710073415,0.8510266272,0.8086891842,0.8478963678,0.8565254305,0.8753378631,0.8359253696,0.3581435037,0.3419147924,0.7836117764,0.7422623673,0.7704238795,0.8335132173,0.8336217609,0.8559410135
35,0.7705063218,0.8757669448,0.3824639705,0.4333903692,0.7683395864,0.7388609078,0.79750091,0.783286782,0.8397447699,0.8284008422,0.8486182946,0.8710976571,0.4839239735,0.5598529771,0.8039874288,0.7881655176,0.8070810826,0.8001759863,0.8824040242,0.8416259813,0.841901956,0.8224888727,0.4100840376,0.5209309992,0.8128227563,0.8143961621,0.8575755348,0.8689710287,0.8854403822,0.8953296338,0.8430956181,0.4494831621,0.5158816494,0.7770584125,0.755316574,0.8241268953,0.8350433329,0.8641183945,0.8654540228,0.8760518321,0.8402457897,0.4214095034,0.3567814556,0.7902157516,0.7564472107,0.7827364242,0.8364582203,0.8339295666,0.8287691267
36,0.762230583,0.847694241,0.4043344062,0.4403339811,0.7817719453,0.6980624931,0.7633685409,0.8024232541,0.8458060268,0.8271272843,0.8740047813,0.8760028124,0.4997573438,0.6152013367,0.8310160762,0.7985067692,0.8258422673,0.8089689786,0.8898913094,0.8252489377,0.8435571674,0.8297485662,0.4318580254,0.5364374653,0.8204723795,0.8212691092,0.8494996947,0.8653394312,0.8838224131,0.9085550912,0.8565719037,0.4695605582,0.5610752871,0.7789163873,0.7650584481,0.8380379923,0.8378759726,0.8786686577,0.859894104,0.8552808388,0.8613532365,0.4673947777,0.4011302989,0.7736556798,0.752018247,0.8133747057,0.8199271147,0.8364865499,0.8263283265
37,0.7765239702,0.8423202152,0.4261013911,0.5053946119,0.7843598046,0.7500281735,0.7658815974,0.7703293415,0.8276104787,0.8595742026,0.8625198423,0.8456446436,0.5460205027,0.651258844,0.8398393079,0.8155299819,0.8554256698,0.8334839327,0.872913615,0.8411698433,0.8723059614,0.8795806155,0.4811951028,0.5573816192,0.8344614624,0.836986933,0.8312369833,0.8835432553,0.8456701084,0.88685145,0.8853308836,0.4966846985,0.5816575226,0.7543816979,0.7794641986,0.8373233866,0.8657382735,0.8491699256,0.8457309056,0.8342061779,0.8346769582,0.5030543976,0.4692804455,0.7884192106,0.7438914773,0.7865940217,0.8229809797,0.8509581906,0.8482436439
38,0.8208444838,0.8689506569,0.4831622579,0.5635539662,0.7914657545,0.7725855219,0.7554738191,0.7469456606,0.8236061404,0.8373431218,0.8455093619,0.8602407435,0.6037791048,0.675533156,0.8402028178,0.8086745419,0.8365998682,0.8427811279,0.8860327569,0.8525707485,0.8900927995,0.8665448708,0.5548087204,0.5785409505,0.8448001675,0.8531723541,0.8033804119,0.8822120834,0.8509769709,0.8747741363,0.8825100214,0.5577734586,0.6143313958,0.7794931648,0.8075534545,0.852205647,0.8321320707,0.8572174362,0.857902439,0.8831081257,0.8215087965,0.5209252696,0.4890522641,0.8206512697,0.7657485439,0.7936137096,0.8443729956,0.8529988752,0.8556526248
39,0.8105710322,0.8551226388,0.5081145699,0.5874650865,0.7894107459,0.7691143526,0.7666789637,0.7820020833,0.818271585,0.8463127761,0.8486717707,0.8545706895,0.6341831102,0.6899299938,0.8412962123,0.8185962611,0.8503569032,0.8268844139,0.8767015026,0.8637832142,0.8760518321,0.8707978092,0.5810858381,0.6077859896,0.8304392987,0.8435562125,0.8420248236,0.8603320984,0.8236223742,0.861939245,0.8735269981,0.576950356,0.6575276389,0.7858151174,0.7889425121,0.8301486818,0.8392437501,0.8421725194,0.8276875097,0.8848849315,0.8242230249,0.5344235186,0.5204287062,0.7827564777,0.7847420948,0.7802497874,0.8104449815,0.8512694976,0.8706822627
40,0.8423284912,0.8627910423,0.5324690959,0.6317216198,0.8025827273,0.773611753,0.7598295716,0.7658293946,0.8361421386,0.8654069129,0.8657793355,0.8578387771,0.6601820251,0.7188347596,0.8293802817,0.8294324845,0.8316466481,0.8133721592,0.8687915019,0.8796783367,0.9025307583,0.8818663988,0.6370176597,0.6427481926,0.8222294501,0.8613188591,0.8387857022,0.8623431803,0.8450115253,0.8880836275,0.8677032004,0.5921356475,0.6709985133,0.7951040365,0.802419116,0.8346865075,0.8592995011,0.8425735899,0.8492434552,0.8882653825,0.8266482279,0.5690476765,0.5465030605,0.7862718921,0.772285674,0.7923344222,0.8267625012,0.8506920835,0.852789109
41,0.8421626518,0.8593596617,0.5639967352,0.6682820567,0.7922261968,0.7884978332,0.7797105704,0.7584735714,0.8328906031,0.8745997024,0.8896067403,0.8778248182,0.6978075269,0.7598830476,0.8394000403,0.8233725009,0.8288853098,0.8330834989,0.8960881662,0.8880088247,0.8992375242,0.8922872279,0.6774395139,0.6872192668,0.8435590773,0.8363617724,0.8248020306,0.8799533564,0.8776478379,0.8869097007,0.8648957072,0.6365939893,0.7258916898,0.7883342219,0.8003746116,0.8670150145,0.8595566955,0.8446180943,0.8814850636,0.9046962205,0.8207353035,0.5800580155,0.5817969424,0.8002711609,0.7869062837,0.7877902303,0.8313448903,0.8544694669,0.8640528227
42,0.8055134064,0.8495515792,0.5715040739,0.6803851535,0.8215329881,0.7692238512,0.7471990353,0.780658179,0.8391705389,0.8690865752,0.8989545468,0.8858850611,0.702073516,0.7939810393,0.8489070017,0.8525468752,0.8605877012,0.8196164442,0.9212753909,0.8705148317,0.9047000402,0.8847445568,0.697109155,0.7123654295,0.8238942108,0.846738993,0.8493036158,0.8770188576,0.870451488,0.9129047958,0.893240566,0.6545186556,0.7495761735,0.7772672237,0.800825975,0.8407213446,0.8870628077,0.8751335081,0.8881017712,0.8802306043,0.8489636608,0.6228242219,0.6311365663,0.8054070909,0.7744705531,0.8000015524,0.8228390135,0.8631262226,0.8572457657
43,0.8228183234,0.8503709088,0.5887450106,0.6953524027,0.8156993228,0.7743467305,0.7728385783,0.7630024845,0.8468545395,0.8647823889,0.90090133,0.8890341008,0.730689893,0.7716156317,0.8485450833,0.8491957087,0.8610963604,0.8148885875,0.9101994801,0.9010241976,0.8979206762,0.902059978,0.7241078812,0.6890976134,0.8349185554,0.8616810957,0.8656004453,0.8849622808,0.8907914897,0.9311372678,0.8817511706,0.6824201087,0.7514857145,0.7890262276,0.7911811855,0.8706532965,0.8883182219,0.876619697,0.8969778424,0.865066003,0.8568504249,0.6545237485,0.6452376942,0.7935478195,0.7710544514,0.8189101146,0.8286332084,0.8795468747,0.8836479793
44,0.8278473013,0.8725784347,0.6061546515,0.7419424658,0.8045205979,0.7768951195,0.7756868152,0.7840007511,0.8378317275,0.8784525253,0.9031068992,0.8680215103,0.749338396,0.7943983435,0.8719456346,0.835345409,0.8741645728,0.8489012721,0.9282221859,0.8849056216,0.90936328,0.8977898509,0.7514647061,0.7086080996,0.8350831216,0.8501627342,0.864261634,0.9114469365,0.8885407205,0.9182660892,0.8765340716,0.7026124146,0.7773105139,0.801038606,0.8005646426,0.8704839556,0.8997824708,0.8755692743,0.8972649579,0.8596951603,0.8486660411,0.6641316141,0.6691083892,0.8151877988,0.7991694904,0.8219372416,0.8742473334,0.8815264439,0.8775692154
45,0.8296985916,0.8618151042,0.6122461478,0.7520545343,0.8086455757,0.7769237674,0.773950753,0.7967067268,0.8354940597,0.8758672124,0.9054585727,0.8634528085,0.7674480004,0.7846545596,0.8595111772,0.8482732467,0.8804702917,0.851862509,0.9345352258,0.8953468225,0.8895453065,0.9075221757,0.7773595336,0.7130599817,0.8406417672,0.8521477146,0.8788274943,0.9104079731,0.8906953601,0.9281142788,0.8767632547,0.7227553825,0.7740580235,0.7812842945,0.8069442094,0.8688328822,0.903318257,0.8834757736,0.894498845,0.8632029353,0.818719447,0.6797510803,0.6748777559,0.8128736859,0.7774690322,0.8066991108,0.8544443204,0.883732968,0.8864182302
46,0.8329781383,0.8594599293,0.6408300572,0.740423491,0.8226098304,0.782956058,0.7831826947,0.7871685711,0.8419229644,0.8693157583,0.9034885528,0.8482732467,0.7652570734,0.7937063378,0.8765152913,0.8477362579,0.8948251126,0.8627191042,0.9274881633,0.8844463005,0.9050033895,0.9077153898,0.7771004294,0.7222241233,0.8451200689,0.8616874619,0.896276924,0.9098184632,0.902449271,0.9298095973,0.8670127863,0.7240534502,0.7937935547,0.7979411325,0.8126597817,0.8782516718,0.9054636656,0.8849931568,0.9050240797,0.8788746042,0.8312105635,0.6902129713,0.6888582444,0.8146469903,0.7846061765,0.8263235519,0.8680727582,0.8693752823,0.8838606103
47,0.8554033881,0.8530281598,0.6567054445,0.7242380699,0.811899976,0.7417441588,0.799463927,0.8002011327,0.851128168,0.8581128419,0.8999521299,0.8586361433,0.755109036,0.8046390092,0.862364507,0.8382776796,0.8762151251,0.8513255202,0.9424655983,0.8910633264,0.8862027344,0.8916356475,0.7618642084,0.7765354293,0.8196275851,0.8514171934,0.9190360809,0.9074416433,0.9215669628,0.9396501474,0.8564655882,0.7370341274,0.8352928878,0.8219980388,0.8237554277,0.8770554632,0.9009898202,0.8776780773,0.9158421595,0.8784818098,0.8580093912,0.7022699132,0.679256745,0.8152078523,0.8081782968,0.8318054847,0.8482544664,0.8711183472,0.8723896769
48,0.8465212691,0.8592867687,0.6716739669,0.7440426744,0.8262194645,0.7348995413,0.8036487471,0.8183858582,0.8479609847,0.8580520447,0.8965904592,0.8644720368,0.7585213179,0.8064594234,0.8814535509,0.8350283723,0.8787877056,0.8576041827,0.9301549635,0.8854149174,0.8972207128,0.8800663564,0.770724364,0.7648865607,0.827543952,0.8573749996,0.9201985486,0.9116391957,0.9319295411,0.9402797643,0.8627124197,0.7475851452,0.8244649404,0.8246708869,0.8148042354,0.8813653791,0.9105410266,0.882166565,0.9003296455,0.8723123276,0.8680625723,0.7129705366,0.7132627451,0.812578931,0.7924789349,0.8218156472,0.8464343705,0.8664802539,0.8757074208
49,0.860554597,0.8700857499,0.6836952581,0.7653570227,0.825774149,0.7481332748,0.8158244186,0.834159068,0.8454956746,0.8666031215,0.8954018901,0.8596668307,0.7851492131,0.8123631169,0.883524475,0.8700695161,0.8929900561,0.8677490371,0.9343881667,0.8876564557,0.893001197,0.8794252803,0.7796539113,0.7591175123,0.8445662097,0.8989669608,0.9266936618,0.9149193791,0.9298022761,0.9403144601,0.8676586371,0.7528149766,0.8319891495,0.8196279034,0.8222234022,0.8918689687,0.9162613736,0.883795675,0.8977764819,0.8757016913,0.8632271268,0.7311714959,0.7449861449,0.820470788,0.8063537445,0.8214419514,0.8743144968,0.871415012,0.8748823616
50,0.8471677564,0.8621031746,0.6982286508,0.7657695523,0.8224420811,0.7578289939,0.8254055461,0.8305070987,0.8506144159,0.8676468596,0.9031186767,0.8542994894,0.7868620386,0.817981923,0.8995399186,0.8777898041,0.8930024702,0.8750431081,0.9344575582,0.8905447996,0.9010331103,0.8904282981,0.8096231054,0.7583459292,0.8500513257,0.8925552448,0.9227625347,0.9209421205,0.9238530644,0.9426164772,0.8779043957,0.7676084286,0.8378454148,0.836091209,0.8322208791,0.8893231262,0.9128653254,0.8822073087,0.8918912504,0.8762167167,0.8590976927,0.7453076379,0.7659032425,0.8199710415,0.8021631949,0.8147774974,0.8610100985,0.8747559926,0.878949407
51,0.8628025014,0.866080775,0.703747826,0.8056709698,0.8376429697,0.7604423181,0.8095658096,0.8399532629,0.8460988718,0.8682872991,0.8873706134,0.8417959588,0.8326238594,0.7994451468,0.8988889749,0.883348768,0.8966729015,0.8872576134,0.9397443671,0.8945246281,0.888733298,0.9077736405,0.8352289075,0.7516178131,0.878072145,0.910132635,0.9011432455,0.9133459733,0.9147850523,0.9294094817,0.8800262494,0.7757651194,0.8145760072,0.8505415229,0.8517982104,0.9093565955,0.9083634687,0.8811823509,0.8786412831,0.8816368974,0.8593026842,0.7306427832,0.7799862268,0.8467116184,0.8308285917,0.8143140382,0.8781084323,0.8891190896,0.8894899206
52,0.8648154932,0.8775908604,0.711073728,0.801794592,0.8447358689,0.7680687047,0.8103950068,0.8319888312,0.848101996,0.8608162477,0.8919959743,0.8635728114,0.8104328857,0.8395012628,0.9105677646,0.898045772,0.8911282616,0.8948079239,0.9396921643,0.9014800174,0.900457606,0.8931966392,0.823471177,0.7731616628,0.8609200168,0.9032154429,0.9235341179,0.9161295933,0.9267114871,0.9411519334,0.8732911305,0.7743339981,0.8346772765,0.8566546643,0.8554329909,0.903856519,0.9067200347,0.8827544834,0.8899594277,0.893407997,0.8811346044,0.7598855941,0.7845562018,0.8405615531,0.8322657608,0.8073936629,0.8794364212,0.8886222079,0.8871060979
53,0.8685031132,0.8835181088,0.7229167656,0.8003918004,0.8440177618,0.752176447,0.8208689936,0.8424860546,0.8410562066,0.859889011,0.9080712602,0.859591073,0.8260762251,0.8298061803,0.9173776863,0.8882491487,0.8935289547,0.8950858084,0.927925521,0.907992001,0.9043696345,0.8955152084,0.8359135921,0.789820729,0.8828872186,0.9202532979,0.9253949575,0.9271908618,0.9309230452,0.9403262376,0.8865032189,0.7791372943,0.8279357914,0.8540979993,0.8612870281,0.9023703301,0.9104687703,0.8795115423,0.9049836543,0.8865888443,0.8805536889,0.7640863297,0.7985309608,0.8573005151,0.8329759102,0.8071918545,0.883054013,0.8888418417,0.8883936614
54,0.8732013671,0.888203312,0.7364360231,0.812542962,0.8445276942,0.7621306337,0.8260237039,0.831412372,0.8344070314,0.8552464614,0.8975826311,0.8608506252,0.8481767988,0.8337178905,0.9253491208,0.9011674371,0.8849473202,0.8960292789,0.9402759446,0.8973614058,0.9029302372,0.9073334179,0.8497572074,0.7772210688,0.907150708,0.9322920961,0.9173312131,0.9171774694,0.9186225963,0.9318709721,0.8893594135,0.7914670278,0.8148873143,0.8612122252,0.8768135477,0.9074811137,0.9006906089,0.8856402808,0.9002968595,0.8940821773,0.8899065882,0.7658978312,0.8063967164,0.8715693923,0.8463115028,0.8107359167,0.8709525078,0.9062915896,0.903638795
55,0.8751214123,0.8756988265,0.7357061385,0.8203135429,0.8568924418,0.7823512692,0.8134912071,0.8081375531,0.8426700378,0.8463942634,0.9098471111,0.8639582846,0.8414416799,0.8191485287,0.910468452,0.903811319,0.8807529508,0.8965328451,0.9366001021,0.9029480626,0.9196405513,0.9083516912,0.8352677413,0.755420343,0.8952694732,0.91545032,0.9153468693,0.9302275381,0.9291806169,0.9285710535,0.8902825122,0.8025072879,0.8155080185,0.8654120059,0.889285884,0.9175747202,0.9091452378,0.8947830957,0.9109026266,0.9095523561,0.8872884894,0.7640876029,0.815497196,0.86954144,0.8488557538,0.8051645388,0.88721305,0.9024327189,0.8945940196